name,manufacturer,mrpDecimal,salePriceDecimal,discountPercent,totalRating,avgRating,maxQuantity,minQuantity,isAvailable
Everherb Karela Jamun Juice - Helps Maintains Healthy Sugar Levels -Helps In Weight Management - 1l,EVERHERB,399.00,207.48,48,1480,4,20,1,True
Pharmeasy Fish Oil 1000mg Soft Gelatin 60 Capsules,PHARMEASY,399.00,279.30,30,2,4,20,1,True
Everherb Diabetic Care Juice-13 Potent Herbs - Healthy Blood Sugar Management - 1 Litre Bottle,EVERHERB,599.00,311.48,48,916,4,20,1,True
Pharmeasy Pill Box Organizer,PHARMEASY,499.00,254.49,49,724,3,20,1,True
Everherb (By Pharmeasy) Aloe Vera Juice With Pulp - Rejuvenates Skin & Hair - 1 Litre Bottle,EVERHERB,399.00,195.51,51,658,4,20,1,True
Liveasy Wellness Calcium Magnesium Vitamin D3 & Zinc - Bones & Dental Health - Bottle 60 Tabs,LIVEASY,599.00,365.39,39,485,4,20,1,True
Everherb (By Pharmeasy) Amla Juice-Rich In Vitamin C-Natural Immunity Booster - 1 Litre Bottle,EVERHERB,399.00,199.50,50,462,4,20,1,True
Pharmeasy Calcium Magnesium Vitamin D3 & Zinc - Bones & Dental Health - Bottle 60,PHARMEASY,499.00,279.44,44,202,4,20,1,True
Liveasy Wellness Multivitamin Multimineral - Immunity Booster - Complete Nutrition - Bottle Of 60,LIVEASY,699.00,384.45,45,404,4,20,1,True
Everherb (By Pharmeasy) Pain Relief Oil - Blend Of 8 Powerful Herbal Ingredients - 100 Ml,EVERHERB,399.00,195.51,51,359,3,20,1,True
Everherb (By Pharmeasy) Ashwagandha-Immunity Booster Capsules-Anxiety & Stress Relief-Bottle Of 60,EVERHERB,599.00,299.50,50,355,3,20,1,True
Everherb (By Pharmeasy) Flaxseed Omega 3 - Essential Fatty Acids - Healthy Heart - Bottle Of 60,EVERHERB,799.00,391.51,51,210,4,20,1,True
Everherb Giloy Tulsi Juice - Strengthens Body Defence System - Natural Immunity Booster - 1 Litre,EVERHERB,399.00,195.51,51,324,4,20,1,True
Liveasy Foods Healthy Roasted Seed Mix - Blend Of 6 Fibre Rich Healthy Roasted Seeds - 200 Gms,LIVEASY,399.00,199.50,50,235,4,20,1,True
Pharmeasy Multivitamin Multimineral - Immunity Booster - Complete Nutrition - Bottle Of 60,PHARMEASY,699.00,384.45,45,146,3,20,1,True
"Pharmeasy Iron+Folic Acid With Zinc, Vitamin C &B12 - Maintains Overall Health - Bottle Of 60",PHARMEASY,599.00,299.50,50,34,4,20,1,True
Liveasy Foods Healthy Seed Mix - Blend Of 6 Fibre Rich Healthy Seeds - 200 Gms,LIVEASY,349.00,174.50,50,353,4,20,1,True
Everherb (By Pharmeasy) Shilajit 500mg-Vigour Improvement-Strength & Stamina For Men-Bottle Of 60,EVERHERB,999.00,509.49,49,283,3,20,1,True
"Pharmeasy Biotin 10000mcg - For Hair, Skin & Nails - Bottle Of 60",PHARMEASY,699.00,384.45,45,62,3,20,1,True
Liveasy Wellness Diabetic Protein - Blood Sugar & Weight Management -French Vanilla 400g Jar,LIVEASY,999.00,539.46,46,395,4,20,1,True
Everherb Pharmeasy Moringa (Drum Stick) Immunity Booster Capsules Natural Multivitamin Bottle Of 60,EVERHERB,599.00,275.54,54,158,3,20,1,True
Liveasy Wellness Pain Relief Balm 45gm,LIVEASY,115.00,109.25,5,89,4,20,1,True
Liveasy Essentials Adhesive Bandages - Box Of 100,LIVEASY,199.00,169.15,15,36,4,20,1,True
Everherb (By Pharmeasy) Ashwagandha-Immunity Booster Capsules-Anxiety & Stress Relief - Bottle Of 90,EVERHERB,799.00,407.49,49,100,4,20,1,True
Liveasy Wellness Anti Fungal Dusting Powder 100gm,LIVEASY,90.00,83.70,7,52,3,20,1,True
Everherb (By Pharmeasy) Karela - Blood Sugar Control - Lowers Bad Cholestrol - Bottle Of 60,EVERHERB,599.00,305.49,49,141,4,20,1,True
Everherb (By Pharmeasy) Neem - Immunity Booster - Hair & Skin Detoxifier - Bottle Of 60,EVERHERB,599.00,311.48,48,121,3,20,1,True
Liveasy Essentials Bamboo Cotton Buds - 80 Sticks/160 Swabs,LIVEASY,65.00,61.75,5,139,3,20,1,True
Liveasy Essentials Tongue Cleaner (Pack Of 2),LIVEASY,99.00,94.05,5,122,3,20,1,True
Everherb Diabetic Care Juice-13 Potent Ingredients -Healthy Blood Sugar Management - 500 Ml Bottle,EVERHERB,299.00,149.50,50,5,2,20,1,True
Pharmeasy Joint Support - Maintains Joints Mobility - Bone & Joint Health - Bottle Of 60,PHARMEASY,799.00,399.50,50,41,3,20,1,True
Liveasy Wellness Pain Relief Gel Tube Of 30 G,LIVEASY,99.00,94.05,5,39,3,20,1,True
Liveasy Essentials Cleansing Aloe Vera Refreshing Lime Facial Wipes 20'S,LIVEASY,69.00,62.10,10,24,4,20,1,True
Liveasy Essentials Pill Box,LIVEASY,399.00,279.30,30,175,3,20,1,True
Pharmeasy Multivitamin Women - Overall Women Wellness - Builds Immunity - Bottle Of 60,PHARMEASY,799.00,407.49,49,19,4,20,1,True
Everherb (By Pharmeasy) Men'S Formula-Blend Of Powerful Herb-Increase Sperm Count-Bottle Of 60,EVERHERB,999.00,499.50,50,165,3,20,1,True
Liveasy Wellness Diabetic Protein Powder Chocolate Flavour 400g,LIVEASY,999.00,539.46,46,120,4,20,1,True
Pharmeasy Orthopaedic Electric Heat Belt Regular,PHARMEASY,949.00,569.40,40,83,3,20,1,True
Pharmeasy Calcium Magnesium Vitamin D3 & Zinc - Bones & Dental Health - Bottle 120,PHARMEASY,899.00,539.40,40,68,4,20,1,True
Pharmeasy Multivitamin Gummies For Kids And Adults Lemon & Strawberry Flavour Bottle Of 30 Gummies,PHARMEASY,499.00,249.50,50,45,4,20,1,True
Everherb (By Pharmeasy) Diabetic Care - Bottle Of 60,EVERHERB,999.00,509.49,49,163,4,20,1,True
Pharmeasy Vitamin D3 - Supports Bone Health - Helps In Absorption Of Calcium - Bottle Of 60,PHARMEASY,649.00,343.97,47,22,4,20,1,True
Pharmeasy Vitamin C (990mg) With Zinc (10mg) - Powerful Immunity Booster - 60 Veg Tablets,PHARMEASY,799.00,439.45,45,6,4,20,1,True
Pharmeasy Vitamin E - Helps Reverse Skin Ageing - Maintains Heart Eye & Brain Health - Bottle Of 60,PHARMEASY,699.00,377.46,46,14,4,20,1,True
Pharmeasy Glutathione - Promotes Healthy Skin - Reverses Signs Of Ageing - Bottle Of 30,PHARMEASY,1399.00,769.45,45,28,3,20,1,True
Everherb (By Pharmeasy) Amla - Immunity Booster Capsules - Natural Vitamin C - Bottle Of 60,EVERHERB,599.00,251.58,58,105,3,20,1,True
Liveasy Essentials Nail Cutter,LIVEASY,115.00,109.25,5,66,4,20,1,True
Pharmeasy Orthopaedic Electric Heat Belt - Extra Large,PHARMEASY,1099.00,659.40,40,80,3,20,1,True
Pharmeasy Vitamin B Complex With Folic Acid - Improves Energy - Heart & Eye Health - Bottle Of 60,PHARMEASY,649.00,356.95,45,15,3,20,1,True
Pharmeasy Lumbar Sacro Support Belt- Back Pain Relief And Sacral Support,PHARMEASY,799.00,719.10,10,75,3,20,1,True
Pharmeasy Hot Water Bag - Relieves Pain - Relaxes Sore Muscles - Improves Blood Supply - Red - 2l,PHARMEASY,349.00,209.40,40,86,3,20,1,True
Liveasy Wellness Diabetic Protein Powder French Vanilla Flavour 1000g,LIVEASY,2199.00,1187.46,46,156,4,20,1,True
Liveasy Essentials Waterproof Bandages - Jar Of 100,LIVEASY,249.00,236.55,5,18,4,20,1,True
Liveasy Ortho Care Cotton Crepe Bandage - Reduces Strain Sprain & Swelling - 10 Cms X 4 Meters,LIVEASY,225.00,191.25,15,51,4,20,1,True
Everherb (By Pharmeasy) Fat Burner|Natural Herbal Blend|Accelerates Calorie Burning - 60 (Non Veg),EVERHERB,799.00,415.48,48,96,3,20,1,True
Pharmeasy Multivitamin 50+ - With Brain And Joint Health Blend - Bottle Of 60,PHARMEASY,799.00,407.49,49,23,4,20,1,True
Pharmeasy Multivitamin Multimineral - Immunity Booster - Complete Nutrition - Bottle Of 120,PHARMEASY,1299.00,675.48,48,63,4,20,1,True
Liveasy Wellness Mosquito Repellent Cream With Vitamin E And Almond Oil Tube Of 50gm,LIVEASY,50.00,47.50,5,23,4,20,1,True
Everherb (By Pharmeasy) Jointcare-Blend Of 9 Powerful Herbs-Joint & Bone Health-Bottle Of 60 Tablets,EVERHERB,999.00,519.48,48,84,4,20,1,True
Liveasy Ortho Care Acupressure Slippers - Men (Black) Size 10,LIVEASY,599.00,347.42,42,62,4,20,1,True
Pharmeasy Abdominal Binder / Waist Trimmer 8 - Supports Back - Gives Slimmer Look - Universal,PHARMEASY,649.00,350.46,46,29,3,20,1,True
Liveasy Ortho Care Cotton Crepe Bandage - Reduces Strain Sprain & Swelling - 8 Cms X 4 Meters,LIVEASY,180.00,153.00,15,36,3,20,1,True
Liveasy Ortho Care Acupressure Slippers - Men (Black) Size 9,LIVEASY,599.00,347.42,42,72,4,20,1,True
Liveasy Ortho Care Knee Cap (Pair) - Modern Orthopedic Solution - Medium,LIVEASY,329.00,279.65,15,60,3,20,1,True
Liveasy Ortho Care Acupressure Slippers - Men (Black) Size 7,LIVEASY,599.00,347.42,42,61,4,20,1,True
Liveasy Foods Raw Chia Seeds - Superfood Loaded With Nutrients - Rich In Proteins - 200 Grams,LIVEASY,249.00,169.32,32,18,4,20,1,True
Pharmeasy Hot Water Bag - Relieves Pain - Relaxes Sore Muscles - Improves Blood Supply - Green - 2l,PHARMEASY,349.00,209.40,40,11,3,20,1,True
Liveasy Ortho Care Reusable Hot And Cold Gel Pack,LIVEASY,349.00,296.65,15,59,2,20,1,True
Liveasy Ortho Care Knee Cap (Pair) - Modern Orthopedic Solution - Large,LIVEASY,329.00,279.65,15,34,3,20,1,True
Liveasy Ortho Care Cotton Crepe Bandage - Reduces Strain Sprain & Swelling - 6 Cms X 4 Meters,LIVEASY,155.00,131.75,15,4,4,20,1,True
Pharmeasy Diabetic & Orthopedic Slippers -Men Blue- Size Uk-07,PHARMEASY,1049.00,524.50,50,Not Available,Not Available,20,1,True
Pharmeasy Knee Cap (Pair) - Protects Knee Joints - Reduces Risk Of Injuries - Black - Medium,PHARMEASY,325.00,162.50,50,10,4,20,1,True
Liveasy Ortho Care Acupressure Slippers - Men (Black) Size 6,LIVEASY,599.00,347.42,42,40,4,20,1,True
Pharmeasy Wrist Brace - Supports Wrist Joint And Relieves Pain - Universal Size,PHARMEASY,299.00,149.50,50,26,3,20,1,True
Liveasy Hygiene Itch Protect + With Ultra Cooling Menthol Tube Of 20gm Cream,LIVEASY,69.00,48.30,30,5,2,20,1,True
Liveasy Ortho Care Acupressure Slippers - Women (Black) Size 7,LIVEASY,599.00,347.42,42,23,3,20,1,True
Liveasy Ortho Care Acupressure Slippers - Women (Black) Size 8,LIVEASY,599.00,347.42,42,21,3,20,1,True
Liveasy Ortho Care Acupressure Slippers - Women (Black) Size 6,LIVEASY,599.00,347.42,42,21,3,20,1,True
Liveasy Essentials Women'S Diabetic & Orthopedic Slippers - Red - Size Uk 7 / Us 10,LIVEASY,999.00,519.48,48,64,3,20,1,True
Liveasy Essentials Women'S Diabetic & Orthopedic Slippers - Olive Green - Size Uk 6 / Us 9,LIVEASY,999.00,519.48,48,33,3,20,1,True
Liveasy Essentials Women'S Diabetic & Orthopedic Slippers - Brown - Size Uk 7 / Us 10,LIVEASY,999.00,519.48,48,41,4,20,1,True
Liveasy Essentials Women'S Diabetic & Orthopedic Slippers - Red - Size Uk 6 / Us 9,LIVEASY,999.00,519.48,48,45,3,20,1,True
Liveasy Essentials Women'S Diabetic & Orthopedic Slippers - Olive Green - Size Uk 7 / Us 10,LIVEASY,999.00,519.48,48,28,3,20,1,True
Pharmeasy Donut Seat For Piles - 100% Memory Foam - Anti-Skid Bottom With Removable & Washable Cover,PHARMEASY,1799.00,1439.20,20,9,3,20,1,True
Liveasy Essentials Women'S Diabetic & Orthopedic Slippers - Olive Green - Size Uk 5 / Us 8,LIVEASY,999.00,519.48,48,27,3,20,1,True
Liveasy Essentials Men'S Diabetic & Orthopedic Slippers - Brown - Size Uk 8 / Us 9,LIVEASY,999.00,519.48,48,37,4,20,1,True
Liveasy Essentials Men'S Diabetic & Orthopedic Slippers - Blue - Size Uk 8 / Us 9,LIVEASY,999.00,519.48,48,73,3,20,1,True
Liveasy Essentials Women'S Diabetic & Orthopedic Slippers - Brown - Size Uk 6 / Us 9,LIVEASY,999.00,519.48,48,56,3,20,1,True
"Pharmeasy Diabetic Protein Powder, Chocolate Flavour 400g",PHARMEASY,999.00,519.48,48,2,4,20,1,True
Liveasy Essentials Men'S Diabetic & Orthopedic Slippers - Blue - Size Uk 10 / Us 11,LIVEASY,999.00,519.48,48,46,4,20,1,True
Liveasy Essentials Men'S Diabetic & Orthopedic Slippers - Blue - Size Uk 9 / Us 10,LIVEASY,999.00,519.48,48,51,4,20,1,True
Pharmeasy Coccyx Cushion For Tail Bone Support - Prevents Pain & Stiffness - For Upto 80 Kgs Weight,PHARMEASY,1799.00,1439.20,20,18,3,20,1,True
Liveasy Essentials Women'S Diabetic & Orthopedic Slippers - Brown - Size Uk 5 / Us 8,LIVEASY,999.00,519.48,48,41,3,20,1,True
Liveasy Ortho Care Acupressure Slippers - Women (Black) Size 5,LIVEASY,599.00,347.42,42,21,3,20,1,True
Pharmeasy Knee Cap (Pair) - Protects Knee Joints - Reduces Risk Of Injuries - Black - Large,PHARMEASY,325.00,162.50,50,15,4,20,1,True
Liveasy Essentials Women'S Diabetic & Orthopedic Slippers - Red - Size Uk 5 / Us 8,LIVEASY,999.00,519.48,48,33,4,20,1,True
Liveasy Ortho Care Wrist Brace - Supports Wrist Joint And Relieves Pain - Universal Size,LIVEASY,199.00,169.15,15,34,3,20,1,True
Liveasy Ortho Care Hot Water Bag Relieves Pain - Relaxes Sore Muscles - Blue - 2l,LIVEASY,389.00,330.65,15,82,4,20,1,True
Liveasy Wellness Burns Cream Tube Of 20gm,LIVEASY,80.00,76.00,5,3,4,20,1,True
Liveasy Ortho Care Acupressure Slippers - Women (Black) Size 9,LIVEASY,599.00,347.42,42,25,3,20,1,True
Liveasy Essentials Men'S Diabetic & Orthopedic Slippers - Black - Size Uk 8 / Us 9,LIVEASY,1099.00,571.48,48,52,4,20,1,True
Pharmeasy Smart Memory Foam Back Support - Mesh Fabric,PHARMEASY,1799.00,1439.20,20,9,3,20,1,True
Liveasy Essentials Women'S Diabetic & Orthopedic Slippers - Brown - Size Uk 9 / Us 12,LIVEASY,999.00,519.48,48,15,3,20,1,True
Liveasy Ortho Care Hot Water Bag Relieves Pain - Relaxes Sore Muscles - Red - 2l,LIVEASY,389.00,330.65,15,38,4,20,1,True
Liveasy Essentials Women'S Diabetic & Orthopedic Slippers - Olive Green - Size Uk 8 / Us 11,LIVEASY,999.00,519.48,48,11,4,20,1,True
Liveasy Essentials Men'S Diabetic & Orthopedic Slippers - Blue - Size Uk 7 / Us 8,LIVEASY,999.00,519.48,48,34,4,20,1,True
Liveasy Essentials Men'S Diabetic & Orthopedic Slippers - Blue - Size Uk 11 / Us 12,LIVEASY,999.00,519.48,48,13,4,20,1,True
Liveasy Ortho Care Ankle Support - Prevents Swelling - Boosts Performance - Size Medium,LIVEASY,329.00,279.65,15,23,3,20,1,True
Liveasy Essentials Men'S Diabetic & Orthopedic Slippers - Black - Size Uk 10 / Us 11,LIVEASY,999.00,519.48,48,25,4,20,1,True
Liveasy Ortho Care Neck Support -Comfortable Cervical Collar-Medium,LIVEASY,329.00,279.65,15,22,4,20,1,True
Liveasy Ortho Care Cotton Crepe Bandage - Reduces Strain Sprain & Swelling - 15 Cms X 4 Meters,LIVEASY,390.00,331.50,15,5,3,20,1,True
Liveasy Essentials Men'S Diabetic & Orthopedic Slippers - Brown - Size Uk 7 / Us 8,LIVEASY,999.00,519.48,48,14,4,20,1,True
Liveasy Ortho Care Ankle Support - Prevents Swelling - Boosts Performance - Size Large,LIVEASY,329.00,279.65,15,11,4,20,1,True
Pharmeasy Diabetic & Orthopedic Slippers -Men Brown- Size Uk-07,PHARMEASY,1049.00,524.50,50,Not Available,Not Available,20,1,True
Liveasy Essentials Men'S Diabetic & Orthopedic Velcro Slippers - Black - Size Uk 9,LIVEASY,899.00,404.55,55,21,3,20,1,True
Liveasy Essentials Men'S Diabetic & Orthopedic Slippers - Grey - Size Uk 9 / Us 10,LIVEASY,999.00,519.48,48,19,3,20,1,True
Liveasy Essentials Women'S Diabetic & Orthopedic Slippers - Brown - Size Uk 8 / Us 11,LIVEASY,999.00,519.48,48,32,3,20,1,True
Liveasy Essentials Men'S Diabetic & Orthopedic Slippers - Grey - Size Uk 10 / Us 8,LIVEASY,999.00,519.48,48,17,3,20,1,True
Liveasy Essentials Men'S Diabetic & Orthopedic Slippers - Brown - Size Uk 9 / Us 10,LIVEASY,999.00,519.48,48,15,3,20,1,True
Liveasy Essentials Orthopaedic And Diabetic Comfortable Slippers-Black - Mens'Uk 9,LIVEASY,1099.00,494.55,55,9,3,20,1,True
Liveasy Essentials Women'S Diabetic & Orthopedic Slippers - Red - Size Uk 8 / Us 11,LIVEASY,999.00,519.48,48,28,4,20,1,True
Liveasy Ortho Care Lumbar Sacro Support Belt - Large,LIVEASY,749.00,636.65,15,25,3,20,1,True
Liveasy Essentials Women'S Diabetic & Orthopedic Slippers - Brown - Size Uk 4 / Us 7,LIVEASY,999.00,519.48,48,17,4,20,1,True
Pharmeasy Orthopaedic Back Support - High Density Memory Foam - Universal Size,PHARMEASY,1999.00,1599.20,20,18,4,20,1,True
Pharmeasy Smart Memory Foam Back Support - Velvet Fabric,PHARMEASY,1799.00,1007.44,44,8,3,20,1,True
Liveasy Essentials Men'S Diabetic & Orthopedic Slippers - Black - Size Uk 7 / Us 8,LIVEASY,999.00,519.48,48,18,4,20,1,True
Liveasy Essentials Men'S Diabetic & Orthopedic Slippers - Brown - Size Uk 10 / Us 11,LIVEASY,999.00,519.48,48,25,3,20,1,True
Liveasy Ortho Care Lumbar Sacro Support Belt - Xxl,LIVEASY,849.00,679.20,20,8,2,20,1,True
Liveasy Essentials Diabetic & Orthopedic Olive Green Slipper- Women- Size Uk 9,LIVEASY,999.00,519.48,48,6,4,20,1,True
Liveasy Essentials Women'S Diabetic & Orthopedic Slippers - Black With Yellow - Size Uk 7 / Us 10,LIVEASY,699.00,314.55,55,4,3,20,1,True
Liveasy Essentials Men'S Diabetic & Orthopedic Slippers - Blue - Size Uk 6 / Us 7,LIVEASY,999.00,519.48,48,20,4,20,1,True
Liveasy Ortho Care Ankle Support - Prevents Swelling - Boosts Performance - Size Xl,LIVEASY,329.00,279.65,15,9,4,20,1,True
Liveasy Essentials Orthopaedic And Diabetic Comfortable Slippers -Mens'Uk 10 - Brown,LIVEASY,1099.00,494.55,55,3,3,20,1,True
Pharmeasy Diabetic & Orthopedic Slippers -Men Brown- Size Uk-10,PHARMEASY,1049.00,524.50,50,Not Available,Not Available,20,1,True
Pharmeasy Diabetic & Orthopedic Slippers -Men Blue- Size Uk-08,PHARMEASY,1049.00,524.50,50,Not Available,Not Available,20,1,True
Liveasy Essentials Women'S Diabetic & Orthopedic Slippers - Black - Size Uk 5 / Us 8,LIVEASY,999.00,449.55,55,6,4,20,1,True
Liveasy Ortho Care Cock-Up Wrist Splint Universal,LIVEASY,399.00,339.15,15,4,3,20,1,True
Liveasy Essentials Men'S Diabetic & Orthopedic Slippers - Grey - Size Uk 8 / Us 9,LIVEASY,999.00,519.48,48,10,3,20,1,True
Liveasy Essentials Orthopaedic And Diabetic Comfortable Slippers -Mens'Uk 8- Brown,LIVEASY,1099.00,494.55,55,1,5,20,1,True
Liveasy Essentials Women'S Diabetic & Orthopedic Slippers - Black With Yellow - Size Uk 5 / Us 8,LIVEASY,699.00,314.55,55,7,5,20,1,True
Liveasy Ortho Care Tennis Elbow Support-Effectively Absorbs Vibration - Universal Size,LIVEASY,279.00,237.15,15,20,3,20,1,True
Liveasy Essentials Orthopaedic And Diabetic Comfortable Slippers -Mens'Uk 9 - Brown,LIVEASY,1099.00,494.55,55,2,1,20,1,True
Liveasy Ortho Care Elbow Support - Medium,LIVEASY,205.00,174.25,15,8,4,20,1,True
Liveasy Ortho Care Lumbar Sacro Support Belt - Medium,LIVEASY,749.00,636.65,15,14,3,20,1,True
Liveasy Essentials Women'S Diabetic & Orthopedic Slippers - Black - Size Uk 6 / Us 9,LIVEASY,999.00,449.55,55,11,4,20,1,True
Liveasy Essentials Women'S Diabetic & Orthopedic Slippers - Black With Yellow - Size Uk 6 / Us 9,LIVEASY,699.00,314.55,55,4,3,20,1,True
Liveasy Ortho Care Lumbar Sacro Support Belt - Xl,LIVEASY,849.00,721.65,15,6,4,20,1,True
Liveasy Ortho Care Neck Support - Comfortable Cervical Collar - L,LIVEASY,329.00,279.65,15,6,2,20,1,True
Liveasy Ortho Care Varicose Vein Stockings Medium,LIVEASY,919.00,781.15,15,5,2,20,1,True
Liveasy Essentials Diabetic & Orthopedic Grey Slipper- Men- Size Uk 6,LIVEASY,999.00,519.48,48,3,4,20,1,True
Liveasy Essentials Anti-Diabetic Slippers Red Women Uk 9,LIVEASY,999.00,519.48,48,3,4,20,1,True
Liveasy Essentials Men'S Diabetic & Orthopedic Velcro Slippers - Black - Size Uk 7,LIVEASY,899.00,404.55,55,21,3,20,1,True
Liveasy Essentials Men'S Diabetic & Orthopedic Slippers - Grey - Size Uk 7 / Us 8,LIVEASY,999.00,519.48,48,14,3,20,1,True
Liveasy Ortho Care Varicose Vein Stockings Large,LIVEASY,919.00,781.15,15,3,4,20,1,True
Pharmeasy Diabetic & Orthopedic Women Sandals (Fahion Range-2) Brown Color Size 6,PHARMEASY,1299.00,584.55,55,7,4,20,1,True
Liveasy Essentials Diabetic & Orthopedic Olive Green Slipper- Women- Size Uk 4,LIVEASY,999.00,519.48,48,4,4,20,1,True
Liveasy Ortho Care Elbow Support - Large,LIVEASY,205.00,174.25,15,6,4,20,1,True
Liveasy Ortho Care Open Patella Knee Cap Large,LIVEASY,399.00,339.15,15,Not Available,Not Available,20,1,True
Liveasy Essentials Orthopaedic And Diabetic Comfortable Slippers-Black - Mens'Uk 11,LIVEASY,1099.00,494.55,55,4,2,20,1,True
Liveasy Essentials Orthopaedic And Diabetic Comfortable Slippers -Mens'Uk 11 - Brown,LIVEASY,1099.00,494.55,55,2,3,20,1,True
Liveasy Essentials Diabetic & Orthopedic Slippers - Electric Blue Women- Size Uk-8,LIVEASY,999.00,449.55,55,Not Available,Not Available,20,1,True
Liveasy Ortho Care Neck Support - Comfortable Cervical Collar - Xl,LIVEASY,299.00,254.15,15,6,2,20,1,True
Pharmeasy Diabetic & Orthopedic Slippers -Men Brown- Size Uk-09,PHARMEASY,1049.00,524.50,50,Not Available,Not Available,20,1,True
Liveasy Essentials Orthopaedic And Diabetic Comfortable Slippers-Black - Mens Uk 10,LIVEASY,1099.00,571.48,48,5,2,20,1,True
Liveasy Baby Care Feeding Bottle,LIVEASY,199.00,199.00,0,1,4,20,1,True
Liveasy Essentials Diabetic & Orthopedic Grey Slipper- Men- Size Uk 11,LIVEASY,999.00,519.48,48,2,3,20,1,True
Pharmeasy Diabetic & Orthopedic Slippers -Men Blue- Size Uk-09,PHARMEASY,1049.00,524.50,50,Not Available,Not Available,20,1,True
Pharmeasy Diabetic & Orthopedic Women Slippers (Fashion Range-1) Black Color Size 6,PHARMEASY,1699.00,764.55,55,2,5,20,1,True
Liveasy Ortho Care Waist Trimmer / Abdominal Binder - Medium (32-36 Inch),LIVEASY,599.00,509.15,15,25,3,20,1,True
Liveasy Ortho Care Waist Trimmer / Abdominal Binder - Xl (40 - 44 Inch),LIVEASY,599.00,509.15,15,15,3,20,1,True
Liveasy Essentials Diabetic & Orthopedic Slippers (Style 2) - Women Brown- Size Uk-9,LIVEASY,999.00,449.55,55,1,5,20,1,True
Liveasy Essentials Diabetic & Orthopedic Slippers (Style 2) - Women Black- Size Uk-4,LIVEASY,999.00,449.55,55,4,2,20,1,True
Pharmeasy Diabetic & Orthopedic Women Sandals (Fahion Range-2) Brown Color Size 9,PHARMEASY,1299.00,1039.20,20,1,5,20,1,True
Liveasy Ortho Care Waist Trimmer / Abdominal Binder - Large (36 - 40 Inch),LIVEASY,599.00,509.15,15,16,3,20,1,True
Liveasy Essentials Diabetic & Orthopedic Slippers (Style 2) - Women Brown- Size Uk-4,LIVEASY,999.00,449.55,55,3,4,20,1,True
Pharmeasy Diabetic & Orthopedic Men Sandals (Fahion Range-3) Brown Color Size 11,PHARMEASY,1399.00,1119.20,20,1,1,20,1,True
Liveasy Ortho Care Clavicle Brace-Medium,LIVEASY,499.00,424.15,15,Not Available,Not Available,20,1,True
Pharmeasy Diabetic & Orthopedic Women Sandals (Fahion Range-2) Brown Color Size 4,PHARMEASY,1299.00,389.70,70,Not Available,Not Available,20,1,True
Liveasy Ortho Care Rib Belt Universal,LIVEASY,549.00,466.65,15,2,3,20,1,True
Pharmeasy Diabetic & Orthopedic Women Slippers (Fashion Range-1) Black Color Size 4,PHARMEASY,1099.00,494.55,55,5,4,20,1,True
Liveasy Ortho Care Arm Sling Pouch - Shoulder Support-Medium,LIVEASY,299.00,254.15,15,7,3,20,1,True
Liveasy Ortho Care Ankle Support - Prevents Swelling - Boosts Performance - Size Small,LIVEASY,329.00,279.65,15,5,2,20,1,True
Liveasy Essentials Diabetic & Orthopedic Brown Slipper- Men- Size Uk 6,LIVEASY,999.00,519.48,48,3,3,20,1,True
Liveasy Essentials Anti-Diabetic Slippers Black Men Uk 6,LIVEASY,999.00,519.48,48,4,2,20,1,True
Liveasy Ortho Care Grey Waist Trimmer / Abdominal Binder - Medium (32-36 Inch),LIVEASY,599.00,173.71,71,1,5,20,1,True
Liveasy Ortho Care Arm Sling Pouch - Shoulder Support - Large,LIVEASY,329.00,279.65,15,3,3,20,1,True
Liveasy Ortho Care Waist Trimmer / Abdominal Binder - Small (28-32 Inch)/,LIVEASY,599.00,509.15,15,8,4,20,1,True
Liveasy Ortho Care Grey Waist Trimmer / Abdominal Binder - Large (36 - 40 Inch),LIVEASY,599.00,509.15,15,Not Available,Not Available,20,1,True
Liveasy Ortho Care Universal Shoulder Immobilizer Medium,LIVEASY,499.00,424.15,15,1,1,20,1,True
Liveasy Ortho Care Universal Shoulder Immobilizer Large,LIVEASY,499.00,424.15,15,1,2,20,1,True
Liveasy Ortho Care Open Patella Knee Cap Medium,LIVEASY,439.00,373.15,15,1,2,20,1,True
Liveasy Ortho Care Knee Immobilizer 19 Medium,LIVEASY,949.00,806.65,15,Not Available,Not Available,20,1,True
Pharmeasy Men'S Diabetic & Orthopedic Slippers -Ebony- Size Uk 10,PHARMEASY,1049.00,1049.00,0,Not Available,Not Available,20,1,True
Pharmeasy Men'S Diabetic & Orthopedic Slippers -Ebony- Size Uk 7,PHARMEASY,1049.00,1049.00,0,Not Available,Not Available,20,1,True
Liveasy Ortho Care Lumbar Sacro Support Belt - Small,LIVEASY,749.00,636.65,15,2,4,20,1,True
Pharmeasy Diabetic & Orthopedic Slippers -Men Blue- Size Uk-10,PHARMEASY,1049.00,524.50,50,Not Available,Not Available,20,1,True
Pharmeasy Diabetic & Orthopedic Slippers -Men Brown- Size Uk-08,PHARMEASY,1049.00,524.50,50,1,4,20,1,True
Pharmeasy Women'S Diabetic & Orthopedic Slippers - Coal Black - Size Uk 4,PHARMEASY,1049.00,1049.00,0,Not Available,Not Available,20,1,True
Pharmeasy Men'S Diabetic & Orthopedic Slippers - Royal Blue - Size Uk 7,PHARMEASY,1049.00,1049.00,0,Not Available,Not Available,20,1,True
Pharmeasy Men'S Diabetic & Orthopedic Slippers - Royal Blue - Size Uk 9,PHARMEASY,1049.00,1049.00,0,Not Available,Not Available,20,1,True
Pharmeasy Women'S Diabetic & Orthopedic Slippers -Olive Green - Size Uk 7,PHARMEASY,1049.00,1049.00,0,Not Available,Not Available,20,1,True
Pharmeasy Women'S Diabetic & Orthopedic Slippers -Olive Green - Size Uk 8,PHARMEASY,1049.00,1049.00,0,Not Available,Not Available,20,1,True
Pharmeasy Women'S Diabetic & Orthopedic Slippers -Ebony- Size Uk 9,PHARMEASY,1049.00,1049.00,0,Not Available,Not Available,20,1,True
Pharmeasy Women'S Diabetic & Orthopedic Slippers -Olive Green - Size Uk 9,PHARMEASY,1049.00,1049.00,0,Not Available,Not Available,20,1,True
Pharmeasy Women'S Diabetic & Orthopedic Slippers -Ebony- Size Uk 8,PHARMEASY,1049.00,1049.00,0,Not Available,Not Available,20,1,True
Pharmeasy Women'S Diabetic & Orthopedic Slippers -Olive Green - Size Uk 5,PHARMEASY,1049.00,1049.00,0,Not Available,Not Available,20,1,True
Pharmeasy Men'S Diabetic & Orthopedic Slippers - Royal Blue - Size Uk 10,PHARMEASY,1049.00,1049.00,0,Not Available,Not Available,20,1,True
Pharmeasy Diabetic & Orthopedic Slippers -Men Brown- Size Uk-08,PHARMEASY,1049.00,524.50,50,1,4,20,1,True
Pharmeasy Diabetic & Orthopedic Slippers -Men Blue- Size Uk-10,PHARMEASY,1049.00,524.50,50,Not Available,Not Available,20,1,True
Pharmeasy Men'S Diabetic & Orthopedic Slippers - Royal Blue - Size Uk 7,PHARMEASY,1049.00,1049.00,0,Not Available,Not Available,20,1,True
Pharmeasy Women'S Diabetic & Orthopedic Slippers - Coal Black - Size Uk 4,PHARMEASY,1049.00,1049.00,0,Not Available,Not Available,20,1,True
Pharmeasy Men'S Diabetic & Orthopedic Slippers - Royal Blue - Size Uk 9,PHARMEASY,1049.00,1049.00,0,Not Available,Not Available,20,1,True
Pharmeasy Women'S Diabetic & Orthopedic Slippers -Olive Green - Size Uk 6,PHARMEASY,1049.00,1049.00,0,Not Available,Not Available,20,1,True
Pharmeasy Women'S Diabetic & Orthopedic Slippers -Ebony- Size Uk 7,PHARMEASY,1049.00,1049.00,0,Not Available,Not Available,20,1,True
Pharmeasy Fish Oil 1000mg Soft Gelatin 60 Capsules,PHARMEASY,399.00,279.30,30,2,4,20,1,True
Pharmeasy Women'S Diabetic & Orthopedic Slippers -Ebony- Size Uk 6,PHARMEASY,1049.00,1049.00,0,Not Available,Not Available,20,1,True
Pharmeasy Men'S Diabetic & Orthopedic Slippers -Ebony- Size Uk 8,PHARMEASY,1049.00,1049.00,0,Not Available,Not Available,20,1,True
Pharmeasy Men'S Diabetic & Orthopedic Slippers -Ebony- Size Uk 11,PHARMEASY,1049.00,1049.00,0,Not Available,Not Available,20,1,True
Pharmeasy Mens Diabetic & Orthopedic Slippers -Royal Blue - Size Uk 6,PHARMEASY,1049.00,1049.00,0,Not Available,Not Available,20,1,True
Pharmeasy Men'S Diabetic & Orthopedic Slippers - Royal Blue - Size Uk 8,PHARMEASY,1049.00,1049.00,0,Not Available,Not Available,20,1,True
Pharmeasy Men'S Diabetic & Orthopedic Slippers - Coal Black - Size Uk 9,PHARMEASY,1049.00,1049.00,0,Not Available,Not Available,20,1,True
Pharmeasy Men'S Diabetic & Orthopedic Slippers - Coal Black - Size Uk 10,PHARMEASY,1049.00,1049.00,0,Not Available,Not Available,20,1,True
Pharmeasy Men'S Diabetic & Orthopedic Slippers - Coal Black - Size Uk 11,PHARMEASY,1049.00,1049.00,0,Not Available,Not Available,20,1,True
Pharmeasy Women'S Diabetic & Orthopedic Slippers - Coal Black - Size Uk 8,PHARMEASY,1049.00,1049.00,0,Not Available,Not Available,20,1,True
Pharmeasy Men'S Diabetic & Orthopedic Slippers -Ebony- Size Uk 9,PHARMEASY,1049.00,1049.00,0,Not Available,Not Available,20,1,True
Pharmeasy MultivitaminÂ + Calcium Combo - Complete Nutrition - Bottles Of 60 Each,PHARMEASY,1198.00,658.90,45,Not Available,Not Available,20,1,True
Pharmeasy Women'S Diabetic & Orthopedic Slippers -Ebony- Size Uk 4,PHARMEASY,1049.00,1049.00,0,Not Available,Not Available,20,1,True
Pharmeasy Women'S Diabetic & Orthopedic Slippers -Ebony- Size Uk 5,PHARMEASY,1049.00,1049.00,0,Not Available,Not Available,20,1,True
Pharmeasy Men'S Diabetic & Orthopedic Slippers - Coal Black - Size Uk 8,PHARMEASY,1049.00,1049.00,0,Not Available,Not Available,20,1,True
Pharmeasy Men'S Diabetic & Orthopedic Slippers - Coal Black - Size Uk 7,PHARMEASY,1049.00,1049.00,0,Not Available,Not Available,20,1,True
Pharmeasy Men'S Diabetic & Orthopedic Slippers - Coal Black - Size Uk 6,PHARMEASY,1049.00,1049.00,0,Not Available,Not Available,20,1,True
Pharmeasy Women'S Diabetic & Orthopedic Slippers -Olive Green - Size Uk 4,PHARMEASY,1049.00,1049.00,0,Not Available,Not Available,20,1,True
Pharmeasy Women'S Diabetic & Orthopedic Slippers - Coal Black - Size Uk 6,PHARMEASY,1049.00,1049.00,0,Not Available,Not Available,20,1,True
Liveasy Ortho Care Knee Immobilizer 19 Large,LIVEASY,949.00,806.65,15,Not Available,Not Available,20,1,True
Liveasy Essentials Women'S Diabetic & Orthopedic Slippers - Blue With Pink - Size Uk 5 / Us 8,LIVEASY,699.00,314.55,55,16,4,20,1,True
Liveasy Essentials Diabetic & Orthopedic Slippers (Style 2) - Women Brown- Size Uk-5,LIVEASY,999.00,519.48,48,6,3,20,1,True
Liveasy Essentials Women'S Diabetic & Orthopedic Slippers - Black - Size Uk 7 / Us 10,LIVEASY,999.00,449.55,55,5,2,20,1,True
Pharmeasy Hot Water Bag - Relieves Pain - Relaxes Sore Muscles - Improves Blood Supply - Blue - 2l,PHARMEASY,349.00,209.40,40,218,3,20,1,False
Liveasy Foods Roasted Peri Peri Makhana - Rich In Protein & Fibre - Assists Weight Loss - 100 Grams,LIVEASY,299.00,161.46,46,124,3,20,1,False
Liveasy Essentials Instant Hand Sanitizer-Kills 99.9% Germs - Gel Based - 200ml,LIVEASY,100.00,80.00,20,183,4,20,1,False
Liveasy Wellness Apple Cider Vinegar With Mother -Improves Metabolism- 500ml Bottle,LIVEASY,649.00,330.99,49,80,3,20,1,False
Liveasy Wellness Immunity Pro - Vitamin C & Zinc - With Herbal Immunity Blend - 60 Tablets,LIVEASY,799.00,439.45,45,50,4,20,1,False
Liveasy Wellness Biotin 10000mcg With Calcium - Prevents Hair Fall - Bottle Of 60,LIVEASY,999.00,549.45,45,86,3,20,1,False
Pharmeasy Knee Cap (Pair) - Protects Knee Joints - Reduces Risk Of Injuries - Grey - Medium,PHARMEASY,325.00,191.75,41,33,4,20,1,False
Pharmeasy Knee Cap (Pair) - Protects Knee Joints - Reduces Risk Of Injuries - Grey - Large,PHARMEASY,325.00,191.75,41,36,4,20,1,False
Liveasy Wellness Zero Calorie Sugar Substitute (Sugar Free) Tablets -300 Tablets,LIVEASY,175.00,148.75,15,53,3,20,1,False
Liveasy Wellness Calcium Magnesium Vitamin D3 - Bones & Dental Health - Bottle Of 90 Tablets,LIVEASY,849.00,509.40,40,96,4,20,1,False
Liveasy Ortho Care Acupressure Slippers - Men (Black) Size 8,LIVEASY,599.00,347.42,42,95,4,20,1,False
Liveasy Foods Baked Quinoa Puffs - Powerhouse Of Protein & 9 Essential Amino Acids - 100 Grams,LIVEASY,299.00,104.65,65,36,3,20,1,False
Pharmeasy Biotin Gummies - Pack Of 60,PHARMEASY,1499.00,749.50,50,8,3,20,1,False
Liveasy Essentials Copper Bottle - Ayurvedic Health Benefits - Leak Proof Cap - 950ml,LIVEASY,1199.00,719.40,40,34,2,20,1,False
Liveasy Essentials Unisteel Bottle Of 1 Liter,LIVEASY,599.00,329.45,45,35,3,20,1,False
Everherb (By Pharmeasy) Giloy (Guduchi) 500mg - Maintains Resipiratory Health - Bottle Of 60,EVERHERB,599.00,599.00,0,41,4,20,1,False
Liveasy Essentials Therapeutic Socks - For Diabetic And Orthopaedic Foot - Unisex Socks - Pack Of 2,LIVEASY,549.00,274.50,50,28,3,20,1,False
Everherb (By Pharmeasy) Tulsi - Immunity Booster Capsules - Fights Against Infection - Bottle Of 60,EVERHERB,599.00,599.00,0,62,4,20,1,False
Liveasy Essentials Women'S Diabetic & Orthopedic Slippers - Blue With Pink - Size Uk 7/ Us 10,LIVEASY,699.00,314.55,55,15,3,20,1,False
Liveasy Essentials Women'S Diabetic & Orthopedic Slippers - Blue With Pink - Size Uk 8 / Us 11,LIVEASY,699.00,314.55,55,10,3,20,1,False
Pharmeasy Diabetic & Orthopedic Women Slippers (Fashion Range-1) Cherry Color Size 6,PHARMEASY,1099.00,494.55,55,14,3,20,1,False
Liveasy Essentials Women'S Diabetic & Orthopedic Slippers - Blue With Pink - Size Uk 6/ Us 9,LIVEASY,699.00,314.55,55,11,4,20,1,False
Pharmeasy Diabetic & Orthopedic Women Slippers (Fashion Range-1) Cherry Color Size 7,PHARMEASY,1099.00,494.55,55,13,4,20,1,False
Pharmeasy Diabetic & Orthopedic Women Slippers (Fashion Range-1) Cherry Color Size 5,PHARMEASY,1099.00,494.55,55,14,4,20,1,False
Pharmeasy Posture Corrector - Corrects Bad Posture - Eases Neck Back & Shoulder Pain - Large,PHARMEASY,999.00,299.70,70,12,1,20,1,False
Pharmeasy Diabetic & Orthopedic Women Slippers (Fashion Range-1) Cherry Color Size 8,PHARMEASY,1099.00,494.55,55,8,4,20,1,False
Liveasy Essentials Diabetic & Orthopedic Slippers (Style 2) - Women Black- Size Uk-7,LIVEASY,999.00,519.48,48,10,3,20,1,False
Liveasy Essentials Orthopaedic And Diabetic Comfortable Slippers -Mens'Uk 7- Brown,LIVEASY,1099.00,494.55,55,2,4,20,1,False
Pharmeasy Posture Corrector - Corrects Bad Posture - Eases Neck Back & Shoulder Pain - Medium,PHARMEASY,999.00,499.50,50,1,5,20,1,False
Pharmeasy Orthopaedic And Diabetic Slippers -Sandy Beige-Uk6 -Women,PHARMEASY,1399.00,629.55,55,9,3,20,1,False
Pharmeasy Diabetic & Orthopedic Women Slippers (Fashion Range-1) Cherry Color Size 9,PHARMEASY,1099.00,494.55,55,8,4,20,1,False
Pharmeasy Orthopaedic And Diabetic Slippers -Sandy Beige-Uk7 - Women,PHARMEASY,1399.00,629.55,55,3,4,20,1,False
Liveasy Essentials Diabetic & Orthopedic Slippers (Style 2) - Women Black- Size Uk-6,LIVEASY,999.00,519.48,48,3,4,20,1,False
Liveasy Essentials Diabetic & Orthopedic Slippers Style 2- Women- Blue With Pink Size 4,LIVEASY,699.00,314.55,55,7,3,20,1,False
Pharmeasy Orthopaedic And Diabetic Slippers -Sandy Beige-Uk5 - Women,PHARMEASY,1399.00,629.55,55,6,3,20,1,False
Liveasy Ortho Care Acupressure Slippers - Men (Black) Size 5,LIVEASY,599.00,347.42,42,14,4,20,1,False
Liveasy Essentials Diabetic & Orthopedic Slippers (Style 2) - Women Black- Size Uk-5,LIVEASY,999.00,519.48,48,3,4,20,1,False
Pharmeasy Diabetic & Orthopedic Women Slippers (Fashion Range-1) Black Color Size 7,PHARMEASY,1099.00,494.55,55,2,5,20,1,False
Pharmeasy Diabetic & Orthopedic Women Sandals (Fahion Range-2) Brown Color Size 7,PHARMEASY,1299.00,584.55,55,1,1,20,1,False
Liveasy Essentials Diabetic & Orthopedic Slippers (Style 2) - Women Black- Size Uk-8,LIVEASY,999.00,519.48,48,2,5,20,1,False
Pharmeasy Orthopaedic And Diabetic Slippers -Sandy Beige-Uk8 - Women,PHARMEASY,1399.00,629.55,55,6,3,20,1,False
Pharmeasy Diabetic & Orthopedic Men Slippers (Fashion Range-4) Brown Color Size 8,PHARMEASY,1299.00,584.55,55,10,3,20,1,False
Liveasy Essentials Men'S Diabetic & Orthopedic Velcro Slippers - Black - Size Uk 10,LIVEASY,899.00,404.55,55,15,3,20,1,False
Pharmeasy Diabetic & Orthopedic Men Slippers (Fashion Range-4) Brown Color Size 9,PHARMEASY,1299.00,584.55,55,8,3,20,1,False
Liveasy Essentials Women'S Diabetic & Orthopedic Slippers - Black - Size Uk 8 / Us 11,LIVEASY,999.00,449.55,55,9,4,20,1,False
Pharmeasy Diabetic & Orthopedic Men Sandals (Fahion Range-3) Brown Color Size 7,PHARMEASY,1299.00,389.70,70,3,4,20,1,False
Pharmeasy Diabetic & Orthopedic Women Slippers (Fashion Range-1) Cherry Color Size 4,PHARMEASY,1099.00,494.55,55,6,3,20,1,False
Liveasy Essentials Diabetic & Orthopedic Brown Slipper- Men- Size Uk 11,LIVEASY,999.00,449.55,55,4,3,20,1,False
Pharmeasy Diabetic & Orthopedic Men Sandals (Fahion Range-3) Brown Color Size 10,PHARMEASY,1099.00,494.55,55,2,2,20,1,False
Liveasy Essentials Anti-Diabetic Slippers Red Women Uk 4,LIVEASY,999.00,519.48,48,9,4,20,1,False
Pharmeasy Diabetic & Orthopedic Men Slippers (Fashion Range-4) Brown Color Size 11,PHARMEASY,1299.00,584.55,55,4,3,20,1,False
Liveasy Essentials Diabetic & Orthopedic Slippers Style 2- Women- Blue With Pink Size 9,LIVEASY,699.00,314.55,55,2,4,20,1,False
Pharmeasy Diabetic & Orthopedic Women Sandals (Fahion Range-2) Brown Color Size 5,PHARMEASY,1299.00,389.70,70,5,4,20,1,False
Pharmeasy Diabetic & Orthopedic Men Sandals (Fahion Range-3) Brown Color Size 9,PHARMEASY,1299.00,584.55,55,3,4,20,1,False
Liveasy Essentials Diabetic & Orthopedic Slippers - Electric Blue Women- Size Uk-7,LIVEASY,999.00,449.55,55,3,4,20,1,False
Liveasy Essentials Diabetic & Orthopedic Slippers (Style 2) - Women Black- Size Uk-9,LIVEASY,999.00,519.48,48,1,5,20,1,False
Pharmeasy Diabetic & Orthopedic Men Slippers (Fashion Range-4) Brown Color Size 7,PHARMEASY,1299.00,584.55,55,5,4,20,1,False
Pharmeasy Diabetic & Orthopedic Women Sandals (Fahion Range-2) Brown Color Size 8,PHARMEASY,1299.00,584.55,55,2,1,20,1,False
Liveasy Essentials Diabetic & Orthopedic Slippers (Style 2) - Women Brown - Size Uk-8,LIVEASY,999.00,449.55,55,Not Available,Not Available,20,1,False
Pharmeasy Diabetic & Orthopedic Men Slippers (Fashion Range-4) Brown Color Size 10,PHARMEASY,1299.00,584.55,55,7,4,20,1,False
Pharmeasy Diabetic & Orthopedic Women Slippers (Fashion Range-1) Black Color Size 5,PHARMEASY,1699.00,764.55,55,3,4,20,1,False
Liveasy Essentials Diabetic & Orthopedic Slippers -Men Black- Size Uk-10 (Style 2),LIVEASY,1099.00,494.55,55,1,4,20,1,False
Liveasy Essentials Diabetic & Orthopedic Slippers (Style 2) - Women Brown- Size Uk-6,LIVEASY,999.00,449.55,55,Not Available,Not Available,20,1,False
Pharmeasy Diabetic & Orthopedic Women Slippers (Fashion Range-1) Black Color Size 8,PHARMEASY,1099.00,494.55,55,7,4,20,1,False
Liveasy Essentials Diabetic & Orthopedic Black Slipper- Women- Size Uk 9,LIVEASY,999.00,449.55,55,Not Available,Not Available,20,1,False
Liveasy Essentials Women'S Diabetic & Orthopedic Slippers - Black With Yellow - Size Uk 8 / Us 11,LIVEASY,699.00,314.55,55,3,2,20,1,False
Liveasy Essentials Diabetic & Orthopedic Slippers - Cream Women - Size Uk-5,LIVEASY,999.00,449.55,55,3,4,20,1,False
Liveasy Essentials Diabetic & Orthopedic Slippers (Style 2) - Women Brown- Size Uk-7,LIVEASY,999.00,519.48,48,1,5,20,1,False
Pharmeasy Diabetic & Orthopedic Men Sandals (Fahion Range-3) Brown Color Size 6,PHARMEASY,1399.00,419.70,70,3,2,20,1,False
Liveasy Essentials Diabetic & Orthopedic Black Slipper- Women- Size Uk 4,LIVEASY,999.00,449.55,55,Not Available,Not Available,20,1,False
Liveasy Ortho Care Waist Trimmer / Abdominal Binder - Xxl (44 - 48 Inch),LIVEASY,599.00,509.15,15,6,3,20,1,False
Pharmeasy Orthopaedic And Diabetic Slippers -Sandy Beige-Uk9 - Women,PHARMEASY,1399.00,629.55,55,3,3,20,1,False
Liveasy Essentials Diabetic & Orthopedic Slippers - Cream Women - Size Uk-4,LIVEASY,999.00,449.55,55,Not Available,Not Available,20,1,False
Liveasy Essentials Therapeutic Socks - Diabetic And Orthopaedic Foot - Unisex Socks - Pack Of One,LIVEASY,299.00,149.50,50,12,4,20,1,False
Liveasy Ortho Care Clavicle Brace-Large,LIVEASY,541.50,460.27,15,1,1,20,1,False
Liveasy Essentials Orthopaedic And Diabetic Comfortable Slippers-Black - Mens'Uk 7,LIVEASY,1099.00,1099.00,0,Not Available,Not Available,20,1,False
Pharmeasy Diabetic & Orthopedic Men Sandals (Fahion Range-3) Brown Color Size 8,PHARMEASY,1399.00,1399.00,0,7,3,20,1,False
Pharmeasy Diabetic & Orthopedic Men Slippers (Fashion Range-4) Brown Color Size 6,PHARMEASY,1299.00,584.55,55,5,2,20,1,False
Pharmeasy Diabetic & Orthopedic Women Slippers (Fashion Range-1) Black Color Size 9,PHARMEASY,1099.00,1099.00,0,Not Available,Not Available,20,1,False
Liveasy Essentials Orthopaedic And Diabetic Comfortable Slippers-Black - Mens'Uk 6,LIVEASY,1099.00,1099.00,0,2,2,20,1,False
Liveasy Essentials Diabetic & Orthopedic Slippers (Style 2) -Men Black- Size Uk-6,LIVEASY,999.00,449.55,55,Not Available,Not Available,20,1,False
